{
  "hash": "ccb959e8",
  "configHash": "ed5b32a1",
  "lockfileHash": "d801ad08",
  "browserHash": "824b5dde",
  "optimized": {
    "@angular/core": {
      "src": "../../../../../../node_modules/@angular/core/fesm2022/core.mjs",
      "file": "@angular_core.js",
      "fileHash": "9497f837",
      "needsInterop": false
    },
    "@angular/platform-browser": {
      "src": "../../../../../../node_modules/@angular/platform-browser/fesm2022/platform-browser.mjs",
      "file": "@angular_platform-browser.js",
      "fileHash": "073f2d57",
      "needsInterop": false
    },
    "@angular/router": {
      "src": "../../../../../../node_modules/@angular/router/fesm2022/router.mjs",
      "file": "@angular_router.js",
      "fileHash": "1a74d40f",
      "needsInterop": false
    }
  },
  "chunks": {
    "chunk-F7U72CD4": {
      "file": "chunk-F7U72CD4.js"
    },
    "chunk-MBENSOCI": {
      "file": "chunk-MBENSOCI.js"
    }
  }
}