{
  "hash": "e11ac0f0",
  "configHash": "26e26a48",
  "lockfileHash": "94dee7fd",
  "browserHash": "90651452",
  "optimized": {
    "@angular/common": {
      "src": "../../../../../../node_modules/@angular/common/fesm2022/common.mjs",
      "file": "@angular_common.js",
      "fileHash": "898c90df",
      "needsInterop": false
    },
    "@angular/common/http": {
      "src": "../../../../../../node_modules/@angular/common/fesm2022/http.mjs",
      "file": "@angular_common_http.js",
      "fileHash": "99b9189d",
      "needsInterop": false
    },
    "@angular/core": {
      "src": "../../../../../../node_modules/@angular/core/fesm2022/core.mjs",
      "file": "@angular_core.js",
      "fileHash": "d5175dca",
      "needsInterop": false
    },
    "@angular/forms": {
      "src": "../../../../../../node_modules/@angular/forms/fesm2022/forms.mjs",
      "file": "@angular_forms.js",
      "fileHash": "54c70648",
      "needsInterop": false
    },
    "@angular/platform-browser": {
      "src": "../../../../../../node_modules/@angular/platform-browser/fesm2022/platform-browser.mjs",
      "file": "@angular_platform-browser.js",
      "fileHash": "bff5ea5e",
      "needsInterop": false
    },
    "@angular/router": {
      "src": "../../../../../../node_modules/@angular/router/fesm2022/router.mjs",
      "file": "@angular_router.js",
      "fileHash": "1d7f21ac",
      "needsInterop": false
    }
  },
  "chunks": {
    "chunk-TVZPTR4S": {
      "file": "chunk-TVZPTR4S.js"
    },
    "chunk-QORXPEGD": {
      "file": "chunk-QORXPEGD.js"
    },
    "chunk-LJGW4UUE": {
      "file": "chunk-LJGW4UUE.js"
    },
    "chunk-VKUFYADX": {
      "file": "chunk-VKUFYADX.js"
    }
  }
}